City_ID,City,Lat,Lng,Max Temp,Humidity,Cloudiness,Wind Speed,Country,Date
0,Carnarvon,-24.8667,113.6333,69.87,78,40,21.85,AU,2021-11-30 17:16:58
1,Hermanus,-34.4187,19.2345,66.9,73,74,9.73,ZA,2021-11-30 17:16:58
2,Hithadhoo,-0.6,73.0833,82.11,75,13,7.63,MV,2021-11-30 17:16:58
3,Cherskiy,68.75,161.3,-13.95,98,100,5.77,RU,2021-11-30 17:16:59
4,Saint-Philippe,-21.3585,55.7679,76.59,79,46,8.93,RE,2021-11-30 17:16:59
5,Busselton,-33.65,115.3333,49.08,82,0,7.09,AU,2021-11-30 17:16:59
6,Cape Town,-33.9258,18.4232,69.1,57,70,10.49,ZA,2021-11-30 17:12:02
7,Port Elizabeth,-33.918,25.5701,65.1,77,0,10.36,ZA,2021-11-30 17:17:00
8,Magugu,-4.0167,35.7667,75.88,61,83,5.99,TZ,2021-11-30 17:17:00
9,Talnakh,69.4865,88.3972,-20.79,95,72,8.03,RU,2021-11-30 17:17:01
10,Vila Franca Do Campo,37.7167,-25.4333,65.19,86,98,13.24,PT,2021-11-30 17:17:01
11,Bluff,-46.6,168.3333,48.79,82,100,14.52,NZ,2021-11-30 17:17:01
12,Oistins,13.0667,-59.5333,82.49,69,75,24.16,BB,2021-11-30 17:17:02
13,Sistranda,63.7256,8.834,31.96,55,100,13.56,NO,2021-11-30 17:17:02
14,Mpongwe,-13.5091,28.155,74.61,35,23,6.49,ZM,2021-11-30 17:17:02
15,Ushuaia,-54.8,-68.3,56.86,47,20,10.36,AR,2021-11-30 17:17:03
16,Nuuk,64.1835,-51.7216,32.61,100,90,25.32,GL,2021-11-30 17:17:03
17,Massakory,12.996,15.7293,89.67,12,22,9.64,TD,2021-11-30 17:17:03
18,Zhezkazgan,47.8043,67.7144,20.91,90,5,4.43,KZ,2021-11-30 17:17:04
19,Vaini,-21.2,-175.2,75.36,88,40,4.61,TO,2021-11-30 17:17:04
20,Butaritari,3.0707,172.7902,80.46,80,98,8.86,KI,2021-11-30 17:17:04
21,Victoria,22.2855,114.1577,64.38,46,24,1.99,HK,2021-11-30 17:17:01
22,Thunder Bay,48.4001,-89.3168,36.55,57,52,8.99,CA,2021-11-30 17:13:09
23,Dikson,73.5069,80.5464,-15.2,100,99,6.82,RU,2021-11-30 17:17:05
24,Lompoc,34.6391,-120.4579,84.09,48,20,9.22,US,2021-11-30 17:17:05
25,San Ignacio,17.1561,-89.0714,78.94,78,40,4.61,BZ,2021-11-30 17:17:05
26,Smithers,54.7804,-127.1743,34.12,86,90,11.5,CA,2021-11-30 17:17:06
27,Glendive,47.1053,-104.7125,41.63,93,1,16.11,US,2021-11-30 17:13:12
28,Punta Arenas,-53.15,-70.9167,64.51,34,0,19.57,CL,2021-11-30 17:14:27
29,Novo Aripuana,-5.1206,-60.3797,90.64,55,100,2.19,BR,2021-11-30 17:17:06
30,Sembakung,3.8167,117.25,78.73,99,92,1.61,ID,2021-11-30 17:17:07
31,Castro,-24.7911,-50.0119,82.31,27,0,8.77,BR,2021-11-30 17:17:07
32,Albany,42.6001,-73.9662,35.74,72,97,3.49,US,2021-11-30 17:16:32
33,Berlevag,70.8578,29.0864,15.8,62,0,10.36,NO,2021-11-30 17:17:07
34,Pevek,69.7008,170.3133,-11.76,100,56,1.72,RU,2021-11-30 17:16:49
35,La Ronge,55.1001,-105.2842,21.45,79,90,9.22,CA,2021-11-30 17:17:08
36,Isangel,-19.55,169.2667,77.9,85,26,4.27,VU,2021-11-30 17:17:08
37,Geraldton,-28.7667,114.6,61.21,72,40,12.66,AU,2021-11-30 17:17:08
38,Hilo,19.7297,-155.09,72.1,83,40,6.91,US,2021-11-30 17:17:09
39,Gat,31.61,34.7642,72.81,77,65,7.07,IL,2021-11-30 17:17:09
40,Nikolskoye,59.7035,30.7861,22.91,94,100,11.25,RU,2021-11-30 17:17:09
41,Koutsouras,35.0339,25.9469,63.1,52,78,11.16,GR,2021-11-30 17:17:10
42,Jamestown,42.097,-79.2353,34.34,94,90,8.01,US,2021-11-30 17:17:10
43,Thompson,55.7435,-97.8558,2.01,86,9,7.31,CA,2021-11-30 17:13:48
44,Ancud,-41.8697,-73.8203,63.93,67,62,9.42,CL,2021-11-30 17:17:11
45,Kruisfontein,-34.0033,24.7314,62.89,70,39,7.92,ZA,2021-11-30 17:17:11
46,Nizhnyaya Omka,55.4338,74.9426,6.24,93,12,5.88,RU,2021-11-30 17:17:11
47,Qaanaaq,77.484,-69.3632,1.42,74,26,4.88,GL,2021-11-30 17:17:12
48,Mocuba,-16.8392,36.9856,76.75,62,5,8.34,MZ,2021-11-30 17:17:12
49,Mount Isa,-20.7333,139.5,74.97,23,1,1.14,AU,2021-11-30 17:17:13
50,Chuguyevka,44.1653,133.8633,13.8,96,100,7.96,RU,2021-11-30 17:17:13
51,Shelburne,44.0787,-80.2041,33.24,85,100,9.31,CA,2021-11-30 17:17:13
52,Georgetown,5.4112,100.3354,80.55,84,20,1.01,MY,2021-11-30 17:16:55
53,Lipin Bor,60.2622,37.9763,33.26,97,100,12.48,RU,2021-11-30 17:17:14
54,Souillac,-20.5167,57.5167,77.38,73,20,2.3,MU,2021-11-30 17:17:14
55,Tasiilaq,65.6145,-37.6368,8.6,69,11,4.79,GL,2021-11-30 17:17:03
56,Buala,-8.145,159.5921,81.05,81,89,7.31,SB,2021-11-30 17:17:14
57,Barrow,71.2906,-156.7887,-16.58,69,1,8.05,US,2021-11-30 17:17:02
58,Belmonte,-15.8631,-38.8828,82.9,74,86,16.71,BR,2021-11-30 17:16:23
59,Alice Springs,-23.7,133.8833,63.95,59,0,4.61,AU,2021-11-30 17:17:15
60,Longyearbyen,78.2186,15.6401,8.44,66,0,13.8,SJ,2021-11-30 17:17:15
61,San Quintin,30.4833,-115.95,66.49,62,0,3.89,MX,2021-11-30 17:17:16
62,Hwange,-18.3693,26.5019,88.5,24,57,3.36,ZW,2021-11-30 17:17:16
63,Mataura,-46.1927,168.8643,48.47,86,100,3.98,NZ,2021-11-30 17:17:16
64,Hasaki,35.7333,140.8333,63.0,72,100,34.72,JP,2021-11-30 17:17:17
65,Iqaluit,63.7506,-68.5145,8.33,78,75,4.0,CA,2021-11-30 17:17:17
66,Slave Lake,55.2834,-114.769,22.98,93,20,3.44,CA,2021-11-30 17:17:17
67,Vardo,70.3705,31.1107,24.78,58,20,19.57,NO,2021-11-30 17:17:18
68,Taltal,-25.4,-70.4833,66.16,68,12,5.41,CL,2021-11-30 17:17:18
69,Rikitea,-23.1203,-134.9692,76.19,77,5,23.51,PF,2021-11-30 17:17:18
70,Lao Cai,22.4833,103.95,58.55,84,35,1.81,VN,2021-11-30 17:17:19
71,Sayyan,15.1718,44.3244,51.37,32,0,5.17,YE,2021-11-30 17:17:19
72,Fare,-16.7,-151.0167,80.98,76,100,20.8,PF,2021-11-30 17:17:19
73,New Norfolk,-42.7826,147.0587,58.5,89,11,3.42,AU,2021-11-30 17:17:20
74,Daloa,6.8774,-6.4502,86.11,51,64,3.27,CI,2021-11-30 17:17:20
75,Avera,33.194,-82.5271,60.85,26,0,8.61,US,2021-11-30 17:17:20
76,Sept-Iles,50.2001,-66.3821,28.06,65,90,11.99,CA,2021-11-30 17:17:21
77,Yellowknife,62.456,-114.3525,-25.08,75,20,8.05,CA,2021-11-30 17:17:21
78,Paracuru,-3.41,-39.0306,87.82,58,25,12.08,BR,2021-11-30 17:17:21
79,Novopokrovka,49.8425,36.5477,37.78,65,89,7.78,UA,2021-11-30 17:17:22
80,Saskylakh,71.9167,114.0833,-33.79,100,71,6.08,RU,2021-11-30 17:17:22
81,San Patricio,28.017,-97.5169,72.01,67,97,6.33,US,2021-11-30 17:17:22
82,Umba,66.6871,34.3429,21.97,70,100,21.27,RU,2021-11-30 17:17:23
83,Mahebourg,-20.4081,57.7,77.29,73,20,2.3,MU,2021-11-30 17:17:23
84,San Joaquin,37.9333,-121.3011,63.18,89,1,3.44,US,2021-11-30 17:17:23
85,Ballina,-28.8667,153.5667,67.78,99,100,2.28,AU,2021-11-30 17:17:24
86,Zarate,-34.0981,-59.0286,78.22,25,0,10.54,AR,2021-11-30 17:17:24
87,Hobart,-42.8794,147.3294,58.86,95,26,11.5,AU,2021-11-30 17:17:25
88,Port Blair,11.6667,92.75,79.75,81,100,13.91,IN,2021-11-30 17:17:25
89,Bethel,41.3712,-73.414,41.49,69,90,1.99,US,2021-11-30 17:13:33
90,Puerto Colombia,10.9878,-74.9547,86.09,75,100,9.57,CO,2021-11-30 17:17:26
91,Avarua,-21.2078,-159.775,77.05,73,90,9.22,CK,2021-11-30 17:17:26
92,Gizo,-8.103,156.8419,82.8,76,95,9.8,SB,2021-11-30 17:17:26
93,Atar,20.5169,-13.0499,82.42,15,61,12.1,MR,2021-11-30 17:17:27
94,Bow Island,49.8668,-111.3684,51.55,53,100,0.0,CA,2021-11-30 17:15:01
95,Ngunguru,-35.6167,174.5,58.15,87,73,4.59,NZ,2021-11-30 17:17:27
96,Alofi,-19.0595,-169.9187,71.49,88,21,4.61,NU,2021-11-30 17:17:28
97,Zhigansk,66.7697,123.3711,-32.06,100,97,4.09,RU,2021-11-30 17:17:28
98,Abu Dhabi,24.4667,54.3667,78.82,67,0,5.75,AE,2021-11-30 17:15:16
99,Atuona,-9.8,-139.0333,78.33,75,12,22.88,PF,2021-11-30 17:17:29
100,Erenhot,43.6475,111.9767,19.42,60,3,8.16,CN,2021-11-30 17:17:29
101,Abha,18.2164,42.5053,60.62,21,0,9.22,SA,2021-11-30 17:17:29
102,Severo-Kurilsk,50.6789,156.125,29.62,64,93,9.4,RU,2021-11-30 17:17:30
103,Iquique,-20.2208,-70.1431,69.84,67,100,6.4,CL,2021-11-30 17:16:19
104,Ravar,31.2656,56.8055,56.37,38,5,3.2,IR,2021-11-30 17:17:30
105,Biggar,55.6167,-3.5167,50.9,98,100,8.46,GB,2021-11-30 17:17:30
106,Hualmay,-11.0964,-77.6139,71.01,72,94,12.1,PE,2021-11-30 17:17:31
107,Loukhi,66.0764,33.0381,19.36,88,100,14.38,RU,2021-11-30 17:17:31
108,Khatanga,71.9667,102.5,-38.02,100,76,2.75,RU,2021-11-30 17:17:32
109,Atambua,-9.1061,124.8925,76.51,81,100,1.68,ID,2021-11-30 17:17:32
110,Ostrovnoy,68.0531,39.5131,24.78,70,100,29.33,RU,2021-11-30 17:17:32
111,Morant Bay,17.8815,-76.4093,91.02,68,93,12.24,JM,2021-11-30 17:17:33
112,Tonekabon,36.8163,50.8738,67.95,50,72,5.88,IR,2021-11-30 17:17:33
113,Korem,12.5058,39.5228,53.31,38,0,4.36,ET,2021-11-30 17:17:34
114,Abu Zabad,12.35,29.25,86.74,22,2,8.57,SD,2021-11-30 17:17:34
115,Tuatapere,-46.1333,167.6833,48.81,92,98,3.6,NZ,2021-11-30 17:17:34
116,East London,-33.0153,27.9116,65.34,77,40,6.91,ZA,2021-11-30 17:17:35
117,Mongar,27.2747,91.2396,45.97,80,68,5.79,BT,2021-11-30 17:17:35
118,Esperance,-33.8667,121.9,56.68,73,21,4.41,AU,2021-11-30 17:17:35
119,Hambantota,6.1241,81.1185,77.7,86,7,7.07,LK,2021-11-30 17:17:36
120,Faanui,-16.4833,-151.75,80.85,77,100,18.95,PF,2021-11-30 17:17:36
121,Kaitangata,-46.2817,169.8464,54.93,77,100,9.28,NZ,2021-11-30 17:17:37
122,Kodiak,57.79,-152.4072,31.51,69,90,5.75,US,2021-11-30 17:16:39
123,Saint George,37.1041,-113.5841,60.35,49,1,0.0,US,2021-11-30 17:17:01
124,Karratha,-20.7377,116.8463,84.0,60,17,13.44,AU,2021-11-30 17:17:37
125,Airai,-8.9266,125.4092,62.13,89,100,1.81,TL,2021-11-30 17:17:38
126,Kroya,-7.6331,109.2461,78.4,79,98,3.4,ID,2021-11-30 17:17:38
127,Srednekolymsk,67.45,153.6833,-17.32,98,100,8.86,RU,2021-11-30 17:17:38
128,Malanje,-9.5402,16.341,67.48,93,99,3.4,AO,2021-11-30 17:17:39
129,Barreiras,-12.1528,-44.99,89.98,44,77,6.53,BR,2021-11-30 17:17:39
130,Ternate,0.8,127.4,80.22,79,100,4.23,ID,2021-11-30 17:17:39
131,Saint-Ambroise,48.5501,-71.3324,23.58,82,62,4.16,CA,2021-11-30 17:17:40
132,Voh,-20.9667,164.7,76.06,90,2,3.85,NC,2021-11-30 17:17:40
133,Simpang,-1.2667,104.0833,75.88,81,60,0.87,ID,2021-11-30 17:17:40
134,Nouna,12.7333,-3.8667,96.31,8,31,8.08,BF,2021-11-30 17:17:41
135,Bredasdorp,-34.5322,20.0403,66.27,66,98,10.54,ZA,2021-11-30 17:17:41
136,Tuban,-6.8976,112.0649,75.78,92,100,8.37,ID,2021-11-30 17:17:41
137,Norman Wells,65.282,-126.8329,-38.16,67,20,0.0,CA,2021-11-30 17:17:42
138,Igrim,63.1906,64.4162,7.14,91,100,9.66,RU,2021-11-30 17:17:42
139,Pisco,-13.7,-76.2167,73.45,64,0,11.5,PE,2021-11-30 17:17:43
140,Gorin,51.1983,136.6669,4.3,97,100,5.64,RU,2021-11-30 17:17:43
141,Puerto Ayora,-0.7393,-90.3518,76.96,89,92,7.0,EC,2021-11-30 17:17:43
142,Magadan,59.5667,150.8,-10.64,90,37,6.69,RU,2021-11-30 17:17:44
143,Lebu,-37.6167,-73.65,61.45,69,4,12.71,CL,2021-11-30 17:16:11
144,Provideniya,64.3833,-173.3,-6.36,82,2,6.17,RU,2021-11-30 17:17:44
145,Broken Hill,-31.95,141.4333,73.33,58,8,8.5,AU,2021-11-30 17:17:45
146,Yamada,39.4667,141.95,58.77,82,100,30.49,JP,2021-11-30 17:17:45
147,Sylling,59.8952,10.2792,21.13,98,67,2.59,NO,2021-11-30 17:17:45
148,Mehamn,71.0357,27.8492,21.38,67,0,11.5,NO,2021-11-30 17:17:46
149,Wageningen,51.9667,5.6667,50.85,95,90,4.61,NL,2021-11-30 17:17:46
150,Stokmarknes,68.5646,14.9108,28.36,59,20,12.66,NO,2021-11-30 17:17:46
151,Tocache,-8.1842,-76.5125,85.44,63,95,1.83,PE,2021-11-30 17:17:47
152,Caravelas,-17.7125,-39.2481,78.98,85,93,12.66,BR,2021-11-30 17:17:47
153,Westport,41.1415,-73.3579,42.84,64,90,1.01,US,2021-11-30 17:13:52
154,Miraflores,19.2167,-98.8083,65.16,45,1,3.18,MX,2021-11-30 17:17:47
155,Sinnamary,5.3833,-52.95,81.86,83,100,9.37,GF,2021-11-30 17:17:48
156,Cicero Dantas,-10.6,-38.3833,91.35,38,77,5.86,BR,2021-11-30 17:17:48
157,Nampa,43.5407,-116.5635,52.83,97,1,5.75,US,2021-11-30 17:13:35
158,Kapaa,22.0752,-159.319,75.52,84,20,1.99,US,2021-11-30 17:17:49
159,Khor,47.8861,134.9464,11.1,95,100,10.36,RU,2021-11-30 17:17:49
160,Gornyy,55.1153,83.9059,9.16,91,23,8.79,RU,2021-11-30 17:17:50
161,Narsaq,60.9167,-46.05,34.02,96,100,6.29,GL,2021-11-30 17:17:50
162,Muros,42.7762,-9.0603,56.98,85,66,3.51,ES,2021-11-30 17:17:50
163,Tsabong,-26.0217,22.401,89.82,11,0,11.18,BW,2021-11-30 17:17:51
164,Progreso,21.2833,-89.6667,81.1,63,50,12.57,MX,2021-11-30 17:17:51
165,Lithakia,37.7167,20.8333,54.59,52,72,27.4,GR,2021-11-30 17:17:51
166,Ust-Kuyga,70.0167,135.6,-15.47,98,100,4.83,RU,2021-11-30 17:17:52
167,Primorsk,46.7348,36.3443,44.78,65,100,9.73,UA,2021-11-30 17:17:52
168,Chokurdakh,70.6333,147.9167,-13.76,98,100,5.86,RU,2021-11-30 17:17:52
169,Asyut,27.181,31.1837,78.85,16,99,9.78,EG,2021-11-30 17:17:53
170,Necochea,-38.5473,-58.7368,66.04,46,5,13.33,AR,2021-11-30 17:17:53
171,Sao Raimundo Das Mangabeiras,-7.0219,-45.4811,88.36,54,84,5.21,BR,2021-11-30 17:17:53
172,Port Alfred,-33.5906,26.891,66.61,77,13,10.0,ZA,2021-11-30 17:17:54
173,Gimli,50.6336,-96.9907,21.22,68,93,2.3,CA,2021-11-30 17:17:54
174,Gushi,34.6425,109.5843,37.22,37,73,4.36,CN,2021-11-30 17:17:55
175,Tuktoyaktuk,69.4541,-133.0374,-29.2,75,20,9.22,CA,2021-11-30 17:17:55
176,Waipahu,21.3867,-158.0092,73.18,76,1,5.99,US,2021-11-30 17:14:23
177,Severnyy,50.677,36.5532,35.64,64,75,11.18,RU,2021-11-30 17:17:55
178,Krapivinskiy,54.9992,86.8133,17.24,93,34,4.09,RU,2021-11-30 17:17:56
179,Rundu,-17.9333,19.7667,80.26,39,39,5.57,NA,2021-11-30 17:17:56
180,Camargo,27.6667,-105.1667,65.55,45,98,3.71,MX,2021-11-30 17:17:57
181,Palmer,42.1584,-72.3287,38.93,59,90,1.99,US,2021-11-30 17:17:57
182,Bom Jardim,-7.7958,-35.5872,91.74,29,77,15.12,BR,2021-11-30 17:17:57
183,Dekar,-21.5333,21.9333,84.74,34,75,6.29,BW,2021-11-30 17:17:58
184,Antofagasta,-23.65,-70.4,67.28,65,43,7.2,CL,2021-11-30 17:15:24
185,Leningradskiy,69.3833,178.4167,-21.66,95,26,9.8,RU,2021-11-30 17:17:58
186,Napoleon,41.3923,-84.1252,46.96,83,12,11.34,US,2021-11-30 17:17:58
187,Mastic Beach,40.7668,-72.8521,43.05,62,90,4.0,US,2021-11-30 17:16:54
188,Kultuk,51.7208,103.6956,18.54,83,69,7.52,RU,2021-11-30 17:17:59
189,Cruzilia,-21.8386,-44.8083,65.19,92,100,1.79,BR,2021-11-30 17:17:59
190,Tual,-5.6667,132.75,83.62,74,100,6.93,ID,2021-11-30 17:18:00
191,Sitka,57.0531,-135.33,39.09,81,90,6.91,US,2021-11-30 17:18:00
192,Siuna,13.7332,-84.7773,82.72,47,2,9.1,NI,2021-11-30 17:18:00
193,Mukhen,48.1,136.1,14.31,95,100,8.1,RU,2021-11-30 17:18:01
194,Erzin,36.9559,36.2,63.12,62,33,4.7,TR,2021-11-30 17:18:01
195,Mar Del Plata,-38.0023,-57.5575,64.42,80,0,13.0,AR,2021-11-30 17:15:43
196,Ibaiti,-23.8486,-50.1878,87.66,19,6,9.04,BR,2021-11-30 17:18:02
197,Cap Malheureux,-19.9842,57.6142,77.49,68,13,5.01,MU,2021-11-30 17:18:02
198,Marrakesh,31.6315,-8.0083,68.07,34,0,3.44,MA,2021-11-30 17:13:21
199,Kahului,20.8947,-156.47,75.85,86,1,0.0,US,2021-11-30 17:18:03
200,Guerrero Negro,27.9769,-114.0611,68.59,64,0,7.02,MX,2021-11-30 17:18:03
201,Klaksvik,62.2266,-6.589,34.72,69,100,13.49,FO,2021-11-30 17:18:03
202,Wufeng,27.45,104.8333,34.57,77,36,0.67,CN,2021-11-30 17:18:04
203,Wewak,-3.5534,143.6268,76.57,92,100,0.96,PG,2021-11-30 17:18:04
204,Zabaykalsk,49.6333,117.3167,2.91,94,17,6.44,RU,2021-11-30 17:15:51
205,Lorengau,-2.0226,147.2712,82.6,71,97,9.89,PG,2021-11-30 17:18:04
206,Fairview,40.8126,-73.999,41.77,67,90,9.22,US,2021-11-30 17:18:05
207,Burgersdorp,-30.9977,26.3286,73.62,13,24,9.91,ZA,2021-11-30 17:18:05
208,Tessalit,20.1986,1.0114,85.44,13,36,5.28,ML,2021-11-30 17:18:05
209,Tiksi,71.6872,128.8694,-22.68,99,99,6.76,RU,2021-11-30 17:18:06
210,Montes Altos,-5.8333,-47.0667,86.49,63,89,3.27,BR,2021-11-30 17:18:06
211,Middletown,39.5151,-84.3983,51.17,63,1,6.91,US,2021-11-30 17:13:23
212,Meulaboh,4.1363,96.1285,76.77,87,98,3.13,ID,2021-11-30 17:18:07
213,Minas,-34.3759,-55.2377,64.87,50,0,16.06,UY,2021-11-30 17:18:07
214,Los Llanos De Aridane,28.6585,-17.9182,64.15,81,40,4.61,ES,2021-11-30 17:18:07
215,Opuwo,-18.0607,13.84,82.54,34,95,10.4,NA,2021-11-30 17:18:08
216,Coihaique,-45.5752,-72.0662,69.75,37,0,9.22,CL,2021-11-30 17:18:08
217,Ponta Do Sol,32.6667,-17.1,67.71,73,64,4.41,PT,2021-11-30 17:18:08
218,Alto Araguaia,-17.3147,-53.2153,79.77,74,100,10.69,BR,2021-11-30 17:18:09
219,Odweyne,9.4092,45.064,66.67,52,26,13.62,SO,2021-11-30 17:18:09
220,Doha,25.2867,51.5333,75.18,71,0,6.91,QA,2021-11-30 17:16:24
221,Mayo,38.8876,-76.5119,48.38,50,90,4.0,US,2021-11-30 17:18:09
222,Vao,-22.6667,167.4833,76.5,87,0,11.12,NC,2021-11-30 17:18:10
223,Upernavik,72.7868,-56.1549,21.61,96,99,3.69,GL,2021-11-30 17:18:10
224,Nemuro,43.3236,145.575,49.77,95,100,28.45,JP,2021-11-30 17:18:11
225,Clyde River,70.4692,-68.5914,0.52,95,100,3.69,CA,2021-11-30 17:16:57
226,Svarstad,59.399,9.9698,22.37,81,68,2.75,NO,2021-11-30 17:18:11
227,Payo,-3.7508,103.6372,74.26,75,99,2.39,ID,2021-11-30 17:18:12
228,Katsuura,35.1333,140.3,67.19,79,100,33.26,JP,2021-11-30 17:18:12
229,Ilulissat,69.2167,-51.1,30.22,80,75,1.14,GL,2021-11-30 17:18:12
230,Shingu,33.7333,135.9833,63.91,96,100,20.62,JP,2021-11-30 17:18:13
231,Marsh Harbour,26.5412,-77.0636,72.39,54,29,6.85,BS,2021-11-30 17:18:13
232,Bukachacha,52.9833,116.9167,-3.32,97,8,2.35,RU,2021-11-30 17:18:13
233,Ajdabiya,30.7554,20.2263,64.81,51,90,16.93,LY,2021-11-30 17:18:14
234,Constitucion,-35.3333,-72.4167,63.34,64,30,6.96,CL,2021-11-30 17:18:14
235,Kargopol,61.5071,38.9456,24.06,95,100,8.19,RU,2021-11-30 17:18:14
236,Darhan,49.4867,105.9228,8.51,91,13,4.83,MN,2021-11-30 17:18:15
237,Neiafu,-18.65,-173.9833,74.08,94,20,0.0,TO,2021-11-30 17:18:15
238,Calama,-22.4667,-68.9333,73.89,16,1,18.41,CL,2021-11-30 17:18:15
239,Bria,6.5423,21.9863,73.27,84,97,9.57,CF,2021-11-30 17:18:16
240,Jumla,29.2747,82.1838,43.41,28,82,5.1,NP,2021-11-30 17:18:16
241,Weinan,34.5036,109.5089,29.89,41,80,2.3,CN,2021-11-30 17:18:16
242,Shadegan,30.6497,48.6647,84.11,32,74,4.76,IR,2021-11-30 17:18:17
243,Jalingo,8.8833,11.3667,88.12,16,53,4.07,NG,2021-11-30 17:18:17
244,Puerto Leguizamo,-0.1934,-74.7819,73.81,98,100,2.26,CO,2021-11-30 17:18:17
245,Margate,51.3813,1.3862,53.04,83,100,4.0,GB,2021-11-30 17:18:18
246,Mount Gambier,-37.8333,140.7667,60.53,50,74,4.54,AU,2021-11-30 17:18:18
247,Arraial Do Cabo,-22.9661,-42.0278,80.56,88,75,10.36,BR,2021-11-30 17:16:58
248,Bocas Del Toro,9.3333,-82.25,79.14,83,90,13.44,PA,2021-11-30 17:18:19
249,Porto Seguro,-16.4497,-39.0647,82.92,74,75,17.27,BR,2021-11-30 17:15:48
250,Kaniama,-7.5667,24.1833,69.17,91,71,1.92,CD,2021-11-30 17:18:19
251,Puerto Narino,-3.7703,-70.3831,80.55,85,100,2.37,CO,2021-11-30 17:18:20
252,Batken,39.8333,71.0,31.15,41,67,7.63,KG,2021-11-30 17:18:20
253,Ushtobe,45.2514,77.9838,34.2,43,100,4.52,KZ,2021-11-30 17:18:20
254,Nome,64.5011,-165.4064,-14.73,65,1,4.61,US,2021-11-30 17:18:21
255,Waipawa,-41.4122,175.5153,55.02,97,100,7.61,NZ,2021-11-30 17:18:21
256,Klyuchi,52.2667,79.1667,16.97,84,99,5.32,RU,2021-11-30 17:18:21
257,Torbay,47.6666,-52.7314,58.28,98,90,32.21,CA,2021-11-30 17:18:22
258,Salamiyah,35.0113,37.0532,65.07,70,96,20.58,SY,2021-11-30 17:18:22
259,Mouila,-1.8685,11.0559,76.89,92,87,2.39,GA,2021-11-30 17:18:22
260,Cabo San Lucas,22.8909,-109.9124,83.52,53,75,6.91,MX,2021-11-30 17:15:24
261,Cockburn Town,21.4612,-71.1419,79.21,68,100,10.69,TC,2021-11-30 17:18:23
262,Raga,8.4596,25.678,89.56,25,59,2.53,SS,2021-11-30 17:18:23
263,Pombas,17.1503,-25.0201,74.98,64,21,18.99,CV,2021-11-30 17:18:24
264,Adrar,20.5022,-10.0711,77.58,13,80,12.37,MR,2021-11-30 17:18:24
265,Sao Filipe,14.8961,-24.4956,75.2,67,100,13.96,CV,2021-11-30 17:18:24
266,Trairi,-3.2778,-39.2689,87.94,57,11,12.26,BR,2021-11-30 17:16:53
267,Matara,5.9485,80.5353,76.78,88,19,2.73,LK,2021-11-30 17:18:25
268,Bathsheba,13.2167,-59.5167,83.01,69,75,24.16,BB,2021-11-30 17:18:25
269,Allende,25.2833,-100.0167,82.76,55,34,5.5,MX,2021-11-30 17:18:26
270,Tura,25.5198,90.2201,61.75,68,36,3.74,IN,2021-11-30 17:18:26
271,Baijiantan,45.6333,85.1833,24.3,64,0,2.26,CN,2021-11-30 17:18:26
272,Hami,42.8,93.45,24.44,68,1,3.2,CN,2021-11-30 17:18:27
273,Dingle,10.9995,122.6711,75.34,85,56,3.31,PH,2021-11-30 17:18:27
274,Shurob,40.0491,70.5489,38.17,41,33,2.35,TJ,2021-11-30 17:18:27
275,Talara,-4.5772,-81.2719,79.56,57,0,13.8,PE,2021-11-30 17:18:28
276,Korla,41.7597,86.1469,23.4,62,32,2.55,CN,2021-11-30 17:18:28
277,Kavaratti,10.5669,72.642,81.34,78,98,17.65,IN,2021-11-30 17:18:28
278,Calvinia,-31.4707,19.776,69.31,38,32,11.56,ZA,2021-11-30 17:18:29
279,Jinchang,38.4953,102.1739,25.11,31,3,2.19,CN,2021-11-30 17:18:29
280,Yarmouth,41.7057,-70.2286,40.64,55,1,9.22,US,2021-11-30 17:18:30
281,Tevaitoa,-16.7833,-151.5,80.53,78,100,20.36,PF,2021-11-30 17:18:30
282,Port Lincoln,-34.7333,135.8667,59.92,87,67,15.5,AU,2021-11-30 17:18:30
283,Mlonggo,-6.5333,110.7,74.52,75,100,2.3,ID,2021-11-30 17:18:30
284,Bay Roberts,47.5999,-53.2648,59.05,92,100,11.99,CA,2021-11-30 17:18:31
285,Svetlyy,54.675,20.1347,32.05,97,100,8.55,RU,2021-11-30 17:18:31
286,Codrington,-38.2667,141.9667,64.18,43,49,8.32,AU,2021-11-30 17:18:32
287,Pozo Colorado,-23.4923,-58.7972,93.63,21,0,5.53,PY,2021-11-30 17:18:32
288,San Policarpo,12.1791,125.5072,79.41,87,93,4.59,PH,2021-11-30 17:18:32
289,Tukrah,32.5341,20.5791,62.62,62,99,19.91,LY,2021-11-30 17:18:33
290,Alpena,45.0617,-83.4327,35.19,95,90,4.0,US,2021-11-30 17:18:33
291,Sola,-13.8833,167.55,81.18,71,100,3.04,VU,2021-11-30 17:18:33
292,Dois Vizinhos,-25.7336,-53.0572,83.5,33,0,4.99,BR,2021-11-30 17:18:34
293,Pizarro,4.9533,-77.366,74.53,95,100,5.84,CO,2021-11-30 17:18:34
294,Synya,65.3718,58.0387,9.14,83,100,8.72,RU,2021-11-30 17:18:34
295,Lakki Marwat,32.6079,70.9114,65.19,23,0,3.56,PK,2021-11-30 17:18:35
296,Dakar,14.6937,-17.4441,81.48,69,0,9.22,SN,2021-11-30 17:16:06
297,Shillong,25.5689,91.8831,45.63,73,28,1.52,IN,2021-11-30 17:18:35
298,Takoradi,4.8845,-1.7554,82.31,76,69,8.7,GH,2021-11-30 17:18:35
299,Ribeira Grande,38.5167,-28.7,64.8,63,75,10.36,PT,2021-11-30 17:18:36
300,Fonte Boa,-2.4959,-66.2662,85.55,77,100,1.7,BR,2021-11-30 17:18:36
301,Xalpatlahuac,17.4667,-98.6167,71.58,53,8,3.06,MX,2021-11-30 17:18:36
302,Chuy,-33.6971,-53.4616,71.69,68,95,16.75,UY,2021-11-30 17:18:37
303,Pacific Grove,36.6177,-121.9166,68.63,60,1,4.0,US,2021-11-30 17:18:37
304,Bengkulu,-3.8004,102.2655,75.6,87,100,7.43,ID,2021-11-30 17:18:37
305,Iberia,29.9502,-91.7507,69.06,39,1,5.75,US,2021-11-30 17:18:38
306,Yinchuan,38.4681,106.2731,28.24,30,91,2.21,CN,2021-11-30 17:18:38
307,Beyneu,45.3167,55.2,49.82,58,97,20.13,KZ,2021-11-30 17:18:38
308,Abalak,58.1286,68.5944,28.69,93,98,9.24,RU,2021-11-30 17:18:39
309,Paris,48.8534,2.3488,48.97,90,90,5.01,FR,2021-11-30 17:15:39
310,Sainte-Marie,-20.8968,55.5496,77.16,84,90,16.11,RE,2021-11-30 17:18:39
311,Tunggol,5.8446,121.1544,80.17,83,100,8.84,PH,2021-11-30 17:18:40
312,Gazojak,41.1875,61.4036,52.81,39,0,11.1,TM,2021-11-30 17:18:40
313,Kamenka,51.3223,42.7678,35.74,67,54,12.53,RU,2021-11-30 17:18:40
314,Pangnirtung,66.1451,-65.7125,19.4,93,90,3.44,CA,2021-11-30 17:18:41
315,San Luis,-33.295,-66.3356,82.78,27,46,5.08,AR,2021-11-30 17:18:41
316,Myski,53.709,87.8014,15.8,96,99,3.6,RU,2021-11-30 17:18:41
317,Umm Kaddadah,13.6017,26.6876,84.31,17,0,11.36,SD,2021-11-30 17:18:42
318,Vestmannaeyjar,63.4427,-20.2734,31.19,74,0,20.71,IS,2021-11-30 17:18:42
319,Marzuq,14.4,46.4667,66.15,25,0,7.18,YE,2021-11-30 17:18:42
320,Kochi,9.9399,76.2602,75.18,86,47,4.85,IN,2021-11-30 17:15:50
321,Namatanai,-3.6667,152.4333,80.17,82,99,8.01,PG,2021-11-30 17:18:43
322,Pahrump,36.2083,-115.9839,68.18,20,0,1.43,US,2021-11-30 17:18:43
323,Sinegorye,62.0788,150.477,-28.16,96,79,3.85,RU,2021-11-30 17:18:44
324,Comodoro Rivadavia,-45.8667,-67.5,66.06,37,0,18.41,AR,2021-11-30 17:15:01
325,Acapulco,16.8634,-99.8901,85.82,62,20,3.44,MX,2021-11-30 17:17:40
326,Nabire,-3.3667,135.4833,75.11,94,100,4.16,ID,2021-11-30 17:18:44
327,Rio Grande,-32.035,-52.0986,75.31,69,93,19.89,BR,2021-11-30 17:18:45
328,Nouadhibou,20.931,-17.0347,78.78,34,0,12.66,MR,2021-11-30 17:18:45
329,Yerbogachen,61.2767,108.0108,5.74,97,100,2.28,RU,2021-11-30 17:18:45
330,Kieta,-6.2167,155.6333,79.36,86,92,4.23,PG,2021-11-30 17:18:46
331,Cayenne,4.9333,-52.3333,87.84,85,75,1.01,GF,2021-11-30 17:18:46
332,Lukulu,-14.3707,23.242,83.71,25,33,5.7,ZM,2021-11-30 17:18:46
333,Hamilton,39.1834,-84.5333,52.0,57,1,3.0,US,2021-11-30 17:18:47
334,Sioux Lookout,50.1001,-91.917,25.18,74,40,16.11,CA,2021-11-30 17:18:47
335,Bandarbeyla,9.4942,50.8122,78.71,73,50,20.42,SO,2021-11-30 17:18:47
336,Skelleftea,64.7507,20.9528,8.96,78,0,9.22,SE,2021-11-30 17:18:48
337,Melo,-32.3667,-54.1833,77.94,38,35,16.08,UY,2021-11-30 17:18:48
338,Sechura,-5.5569,-80.8222,78.55,56,93,11.05,PE,2021-11-30 17:18:49
339,Ust-Nera,64.5667,143.2,-29.56,99,92,4.0,RU,2021-11-30 17:18:49
340,Zaozerne,45.1582,33.2787,49.95,95,100,29.95,UA,2021-11-30 17:18:50
341,Macau,22.2006,113.5461,64.13,59,0,28.77,MO,2021-11-30 17:18:50
342,Mirnyy,62.5353,113.9611,-9.92,99,100,3.47,RU,2021-11-30 17:18:50
343,Diapaga,12.0708,1.7889,91.38,11,20,5.06,BF,2021-11-30 17:18:51
344,Hongjiang,27.11,109.9956,45.64,68,1,2.95,CN,2021-11-30 17:18:51
345,San Vicente,-26.6167,-54.1333,85.08,23,0,5.61,AR,2021-11-30 17:18:51
346,Aklavik,68.2191,-135.0107,-24.77,74,1,3.44,CA,2021-11-30 17:18:52
347,Moose Factory,51.2585,-80.6094,23.0,80,90,8.05,CA,2021-11-30 17:18:52
348,Taoudenni,22.6783,-3.9836,74.75,8,76,13.8,ML,2021-11-30 17:18:52
349,Portland,45.5234,-122.6762,55.94,92,90,1.01,US,2021-11-30 17:16:12
350,Jalu,29.0331,21.5482,62.6,44,0,10.6,LY,2021-11-30 17:18:53
351,Maragogi,-9.0122,-35.2225,85.06,60,93,13.31,BR,2021-11-30 17:18:53
352,Ouahigouya,13.5828,-2.4216,90.9,9,34,7.96,BF,2021-11-30 17:18:54
353,Baruun-Urt,46.6806,113.2792,9.36,79,18,4.12,MN,2021-11-30 17:18:54
354,Champerico,14.3,-91.9167,90.36,53,0,3.38,GT,2021-11-30 17:18:54
355,Sur,22.5667,59.5289,75.69,64,1,3.0,OM,2021-11-30 17:18:55
356,Omboue,-1.5746,9.2618,78.78,85,95,7.61,GA,2021-11-30 17:18:55
357,Hokitika,-42.7167,170.9667,56.95,81,28,3.24,NZ,2021-11-30 17:18:55
358,Dunedin,-45.8742,170.5036,51.69,91,100,8.77,NZ,2021-11-30 17:18:56
359,Maniitsoq,65.4167,-52.9,31.8,98,100,22.06,GL,2021-11-30 17:18:10
360,Port Moresby,-9.4431,147.1797,76.96,91,100,4.18,PG,2021-11-30 17:18:56
361,Bosaso,11.2842,49.1816,77.79,66,5,5.28,SO,2021-11-30 17:18:57
362,Ewo,-0.8725,14.8206,76.37,84,73,5.61,CG,2021-11-30 17:18:57
363,Daru,-9.0763,143.2092,79.63,88,100,6.11,PG,2021-11-30 17:18:57
364,Puerto Escondido,15.85,-97.0667,85.03,65,1,3.44,MX,2021-11-30 17:18:58
365,Hofn,64.2539,-15.2082,31.89,91,100,9.08,IS,2021-11-30 17:18:58
366,Farafangana,-22.8167,47.8333,75.36,90,47,9.35,MG,2021-11-30 17:18:58
367,Ixtapa,20.7,-105.2,80.22,57,75,0.0,MX,2021-11-30 17:18:59
368,Redding,40.5865,-122.3917,63.66,55,1,1.99,US,2021-11-30 17:18:59
369,Yeban,17.022,121.9419,74.28,95,78,4.83,PH,2021-11-30 17:19:00
370,Chany,55.3121,76.7647,2.25,96,9,4.97,RU,2021-11-30 17:19:00
371,Buraydah,26.326,43.975,66.65,22,0,7.2,SA,2021-11-30 17:19:00
372,Port-Cartier,50.0334,-66.8654,27.75,55,100,15.17,CA,2021-11-30 17:19:01
373,Kavieng,-2.5744,150.7967,82.36,75,98,12.24,PG,2021-11-30 17:19:01
374,Kalemie,-5.9475,29.1947,74.97,73,73,2.91,CD,2021-11-30 17:19:02
375,Te Anau,-45.4167,167.7167,49.98,94,94,0.98,NZ,2021-11-30 17:19:02
376,Batagay-Alyta,67.8006,130.4114,-27.33,99,95,2.62,RU,2021-11-30 17:19:02
377,Kjopsvik,68.097,16.3742,24.17,69,100,7.47,NO,2021-11-30 17:19:03
378,Nelson Bay,-32.7167,152.15,68.05,95,100,10.0,AU,2021-11-30 17:19:03
379,Asmar,35.0333,71.3581,54.48,29,44,9.91,AF,2021-11-30 17:19:04
380,Lakatoro,-16.0999,167.4164,80.22,77,17,3.56,VU,2021-11-30 17:19:04
381,Camacha,33.0833,-16.3333,63.54,63,20,4.61,PT,2021-11-30 17:19:04
382,Lagoa,39.05,-27.9833,61.75,75,25,11.72,PT,2021-11-30 17:19:05
383,Traverse City,44.7631,-85.6206,37.58,88,90,9.22,US,2021-11-30 17:19:05
384,Henties Bay,-22.116,14.2845,62.85,81,2,12.55,NA,2021-11-30 17:19:05
385,Rio Tercero,-32.173,-64.1141,88.81,21,0,12.46,AR,2021-11-30 17:19:05
386,Saldanha,-33.0117,17.9442,64.38,72,78,12.06,ZA,2021-11-30 17:19:06
387,Omsukchan,62.5333,155.8,-20.63,97,100,4.56,RU,2021-11-30 17:19:06
388,Lavrentiya,65.5833,-171.0,-12.69,88,7,8.63,RU,2021-11-30 17:19:06
389,Oktyabrskoye,43.0645,44.7417,44.74,93,75,13.42,RU,2021-11-30 17:19:07
390,Moctezuma,29.8,-109.6667,72.0,34,27,2.64,MX,2021-11-30 17:19:07
391,Catalina,32.5056,-110.9211,70.72,27,43,1.99,US,2021-11-30 17:19:07
392,Nanticoke,41.2054,-76.0049,34.79,92,100,7.36,US,2021-11-30 17:15:24
393,Melfort,52.8667,-104.6177,21.33,93,100,12.66,CA,2021-11-30 17:19:08
394,Morondava,-20.2833,44.2833,78.75,75,2,11.99,MG,2021-11-30 17:19:08
395,Port Macquarie,-31.4333,152.9167,66.16,95,100,5.48,AU,2021-11-30 17:18:27
396,Anadyr,64.75,177.4833,1.9,71,59,8.95,RU,2021-11-30 17:19:09
397,Fortuna,40.5982,-124.1573,48.33,100,75,11.5,US,2021-11-30 17:18:34
398,Coquimbo,-29.9533,-71.3436,60.53,82,90,10.36,CL,2021-11-30 17:19:09
399,Litovko,49.2361,135.1742,10.47,89,100,6.96,RU,2021-11-30 17:19:10
400,Guiglo,6.5456,-7.4966,84.45,59,75,4.23,CI,2021-11-30 17:19:10
401,Santiago Del Estero,-27.7951,-64.2615,90.81,27,52,12.15,AR,2021-11-30 17:19:11
402,Harper,4.375,-7.7169,81.88,75,99,6.78,LR,2021-11-30 17:19:11
403,Basco,20.4487,121.9702,73.78,81,100,42.75,PH,2021-11-30 17:19:11
404,Mnogovershinnyy,53.9353,139.9242,3.09,95,89,2.95,RU,2021-11-30 17:19:12
405,Yulara,-25.2406,130.9889,71.44,30,0,4.61,AU,2021-11-30 17:19:12
406,Port Hardy,50.6996,-127.4199,51.76,93,90,19.57,CA,2021-11-30 17:19:12
407,Pogranichnyy,44.4064,131.3769,15.73,80,100,15.46,RU,2021-11-30 17:19:13
408,Skibbereen,51.55,-9.2667,51.6,97,100,22.84,IE,2021-11-30 17:19:13
409,Leh,34.1667,77.5833,17.6,47,26,2.44,IN,2021-11-30 17:19:13
410,Paamiut,61.994,-49.6678,30.88,82,100,13.38,GL,2021-11-30 17:19:14
411,Faya,18.3851,42.4509,60.91,30,0,6.87,SA,2021-11-30 17:19:14
412,Tautira,-17.7333,-149.15,80.62,77,100,20.76,PF,2021-11-30 17:19:14
413,Axim,4.8699,-2.2405,82.22,75,79,7.18,GH,2021-11-30 17:19:15
414,Labuhan,-6.8844,112.2051,75.81,92,100,9.33,ID,2021-11-30 17:19:15
415,Bakonyszentlaszlo,47.389,17.8032,38.5,79,100,16.26,HU,2021-11-30 17:19:15
416,Filadelfia,39.9523,-75.1638,42.94,63,90,3.0,US,2021-11-30 17:17:23
417,Nola,40.922,14.5329,49.86,76,0,3.83,IT,2021-11-30 17:19:16
418,Ambilobe,-13.2,49.05,76.64,63,5,3.62,MG,2021-11-30 17:19:16
419,Ramtek,21.4,79.3333,65.16,44,93,5.97,IN,2021-11-30 17:19:17
420,Salisbury,51.0693,-1.7957,53.69,87,75,14.97,GB,2021-11-30 17:16:11
421,Pringsewu,-5.3582,104.9744,73.13,97,100,2.48,ID,2021-11-30 17:19:17
422,Newport,51.5877,-2.9984,53.55,88,100,22.21,GB,2021-11-30 17:18:25
423,Fort Nelson,58.8053,-122.7002,-9.81,77,75,2.3,CA,2021-11-30 17:19:18
424,Kibuye,-2.0597,29.3482,66.94,81,98,1.19,RW,2021-11-30 17:19:18
425,Chapais,49.7834,-74.8492,17.38,80,100,4.79,CA,2021-11-30 17:17:44
426,Kaeo,-35.1,173.7833,58.32,93,86,2.48,NZ,2021-11-30 17:19:19
427,Itarema,-2.9248,-39.9167,88.3,56,37,15.37,BR,2021-11-30 17:15:33
428,Cervo,43.6702,-7.4101,55.96,83,96,3.8,ES,2021-11-30 17:19:19
429,Iskateley,67.6803,53.1512,5.31,85,65,15.3,RU,2021-11-30 17:19:20
430,Vostok,46.4856,135.8833,16.61,97,100,5.7,RU,2021-11-30 17:19:20
431,Wahiawa,21.5028,-158.0236,70.47,80,75,4.61,US,2021-11-30 17:19:20
432,Luderitz,-26.6481,15.1594,68.04,60,0,23.35,NA,2021-11-30 17:19:21
433,Nieuw Amsterdam,5.8833,-55.0833,81.01,83,40,5.75,SR,2021-11-30 17:19:21
434,Abnub,27.2696,31.1511,78.57,16,98,9.82,EG,2021-11-30 17:19:21
435,Vila Velha,-20.3297,-40.2925,85.95,82,20,13.0,BR,2021-11-30 17:19:22
436,Nanortalik,60.1432,-45.2371,32.67,85,100,3.29,GL,2021-11-30 17:19:22
437,Taunggyi,20.7833,97.0333,54.5,80,94,2.06,MM,2021-11-30 17:19:22
438,Ulaangom,49.9811,92.0667,9.97,76,54,3.89,MN,2021-11-30 17:19:23
439,Kirs,59.3388,52.2447,33.06,98,100,14.0,RU,2021-11-30 17:19:23
440,Sao Felix Do Xingu,-6.6447,-51.995,88.7,55,98,2.64,BR,2021-11-30 17:19:24
441,Pochutla,15.7432,-96.4661,89.42,43,11,5.95,MX,2021-11-30 17:19:24
442,North Platte,41.1239,-100.7654,55.99,58,1,0.0,US,2021-11-30 17:19:24
443,College,64.8569,-147.8028,-6.59,76,40,6.91,US,2021-11-30 17:19:25
444,Shache,38.4167,77.2406,30.6,34,26,4.92,CN,2021-11-30 17:19:25
445,Beira,-19.8436,34.8389,77.09,73,20,11.5,MZ,2021-11-30 17:19:25
446,Salmas,38.1973,44.7653,40.19,67,45,2.57,IR,2021-11-30 17:19:26
447,Gweta,-20.1833,25.2333,93.07,20,21,1.77,BW,2021-11-30 17:19:26
448,Praia Da Vitoria,38.7333,-27.0667,66.76,77,75,12.68,PT,2021-11-30 17:18:49
449,Nakhon Nayok,14.1667,101.1,79.0,63,99,3.94,TH,2021-11-30 17:19:26
450,Sambava,-14.2667,50.1667,76.41,76,5,7.36,MG,2021-11-30 17:19:27
451,Baoro,5.6667,15.9667,80.29,35,91,4.61,CF,2021-11-30 17:19:27
452,Shimoda,34.6667,138.95,66.31,84,100,28.92,JP,2021-11-30 17:19:27
453,La Romana,18.4273,-68.9728,86.36,70,75,11.5,DO,2021-11-30 17:15:05
454,Tagab,34.855,69.6492,50.92,28,11,3.89,AF,2021-11-30 17:19:28
455,San Jose,37.3394,-121.895,68.92,72,20,0.0,US,2021-11-30 17:19:28
456,Sarhari,26.0977,68.4786,64.4,63,21,4.61,PK,2021-11-30 17:19:28
457,Saint Anthony,45.0205,-93.218,42.89,64,1,4.0,US,2021-11-30 17:15:24
458,Ovre Ardal,61.3167,7.8,22.08,97,91,2.91,NO,2021-11-30 17:19:29
459,Abu Kamal,34.4506,40.9171,71.53,29,100,10.38,SY,2021-11-30 17:19:29
460,Husavik,66.0449,-17.3389,22.91,89,100,5.41,IS,2021-11-30 17:19:30
461,Redmond,47.674,-122.1215,55.36,89,100,1.01,US,2021-11-30 17:15:55
462,Turuvekere,13.1642,76.6667,66.99,95,62,6.87,IN,2021-11-30 17:19:30
463,Changping,40.2186,116.2197,24.44,31,0,7.76,CN,2021-11-30 17:19:30
464,Saint-Georges,12.0564,-61.7485,80.28,89,75,13.8,GD,2021-11-30 17:19:23
465,Gweru,-19.45,29.8167,80.1,28,26,11.52,ZW,2021-11-30 17:19:31
466,Sabang,5.8933,95.3214,79.39,81,100,11.72,ID,2021-11-30 17:19:31
467,Elko,41.0002,-115.5012,42.85,44,0,1.34,US,2021-11-30 17:19:31
468,Hanzhong,33.0728,107.0303,40.78,56,40,0.89,CN,2021-11-30 17:19:32
469,Hua Hin,12.5707,99.9588,81.0,58,100,16.82,TH,2021-11-30 17:19:32
470,Lewiston,44.1003,-70.2148,37.47,53,1,10.36,US,2021-11-30 17:15:54
471,Vanderhoof,54.0166,-124.0198,38.61,76,100,6.82,CA,2021-11-30 17:19:33
472,Matay,28.419,30.7792,74.16,47,99,15.59,EG,2021-11-30 17:19:33
473,Lakselv,70.0513,24.9718,8.42,78,0,19.57,NO,2021-11-30 17:19:33
474,Verkhnyaya Inta,65.9811,60.3094,3.94,85,77,16.82,RU,2021-11-30 17:19:34
475,Pangai,-19.8,-174.35,77.11,65,40,14.97,TO,2021-11-30 17:19:34
476,Dawlatabad,36.4141,64.9053,58.21,35,32,3.91,AF,2021-11-30 17:19:34
477,Dongying,37.4564,118.4856,33.73,49,0,9.62,CN,2021-11-30 17:19:35
478,Kuching,1.55,110.3333,79.02,89,20,1.14,MY,2021-11-30 17:19:35
479,Verkhnevilyuysk,63.4453,120.3167,-28.93,100,78,2.17,RU,2021-11-30 17:19:35
480,Tshikapa,-6.4167,20.8,69.82,94,94,6.31,CD,2021-11-30 17:19:36
481,Port Keats,-14.25,129.55,83.75,75,8,7.92,AU,2021-11-30 17:19:36
482,Estevan,49.1334,-102.9842,34.14,86,90,12.66,CA,2021-11-30 17:19:37
483,Salalah,17.0151,54.0924,80.69,19,0,5.75,OM,2021-11-30 17:19:37
484,Salinopolis,-0.6136,-47.3561,86.45,65,20,11.48,BR,2021-11-30 17:19:37
485,Kununurra,-15.7667,128.7333,75.18,64,79,1.14,AU,2021-11-30 17:19:38
486,Hoima,1.4356,31.3436,66.85,93,100,3.47,UG,2021-11-30 17:19:38
487,Draguignan,43.5333,6.4667,47.88,51,87,10.36,FR,2021-11-30 17:19:38
488,Brufut,13.3814,-16.7518,86.09,45,0,8.05,GM,2021-11-30 17:19:39
489,Kudahuvadhoo,2.6708,72.8944,82.54,74,7,11.34,MV,2021-11-30 17:19:39
490,Derzhavinsk,51.1,66.3167,13.19,84,6,6.71,KZ,2021-11-30 17:19:39
491,Paralimni,35.0375,33.9833,65.43,72,100,3.0,CY,2021-11-30 17:19:40
492,Road Town,18.4167,-64.6167,86.09,79,20,6.91,VG,2021-11-30 17:19:40
493,Constantine,36.365,6.6147,49.41,93,75,2.3,DZ,2021-11-30 17:15:36
494,Kokkola,63.8385,23.1307,25.93,89,20,1.99,FI,2021-11-30 17:19:40
495,Bolobo,-2.1667,16.2333,78.67,73,52,3.38,CD,2021-11-30 17:19:41
496,Kaseda,31.4167,130.3167,54.84,68,90,30.56,JP,2021-11-30 17:19:41
497,Moroeni,45.2167,25.4333,36.55,74,30,5.19,RO,2021-11-30 17:19:41
498,Chapayevka,47.4711,36.3451,40.93,59,100,11.25,UA,2021-11-30 17:19:42
499,Batagay,67.6333,134.6333,-24.34,99,100,1.81,RU,2021-11-30 17:19:42
500,The Valley,18.217,-63.0578,85.86,65,75,12.66,AI,2021-11-30 17:19:38
501,Vila Do Maio,15.1333,-23.2167,77.79,68,100,19.64,CV,2021-11-30 17:19:43
502,Nizhniy Kuranakh,58.8353,125.4869,-3.53,97,99,3.47,RU,2021-11-30 17:19:43
503,Yaval,21.1667,75.7,72.73,39,100,6.64,IN,2021-11-30 17:19:43
504,Lichinga,-13.3128,35.2406,73.42,52,78,1.28,MZ,2021-11-30 17:19:44
505,Narrabri,-30.3167,149.7833,66.52,95,100,5.68,AU,2021-11-30 17:19:44
506,Ganta,7.3022,-8.5308,83.14,57,61,1.99,LR,2021-11-30 17:19:44
507,Vila,42.0304,-8.1588,44.71,81,12,1.79,PT,2021-11-30 17:19:45
508,Coahuayana,18.7333,-103.6833,85.48,53,34,4.07,MX,2021-11-30 17:19:45
509,Luanda,-8.8368,13.2343,82.4,69,20,8.05,AO,2021-11-30 17:14:56
510,Sao Joao Da Barra,-21.6403,-41.0511,87.89,88,98,8.72,BR,2021-11-30 17:19:46
511,Kilindoni,-7.9139,39.6668,81.16,78,77,10.16,TZ,2021-11-30 17:19:46
512,Honiara,-9.4333,159.95,78.66,85,48,0.47,SB,2021-11-30 17:19:46
513,Los Algarrobos,8.5,-82.4333,84.61,66,40,2.3,PA,2021-11-30 17:19:47
514,Haines Junction,60.7522,-137.5108,-11.25,84,100,1.14,CA,2021-11-30 17:19:31
515,Flin Flon,54.7682,-101.865,6.64,85,90,0.0,CA,2021-11-30 17:19:47
516,Half Moon Bay,37.4636,-122.4286,67.95,89,1,0.0,US,2021-11-30 17:19:48
517,Teya,60.3778,92.6267,18.05,88,100,12.17,RU,2021-11-30 17:19:48
518,Sinazongwe,-17.2614,27.4618,87.06,38,6,5.53,ZM,2021-11-30 17:19:48
519,Maceio,-9.6658,-35.7353,92.64,55,40,17.27,BR,2021-11-30 17:19:49
520,Richards Bay,-28.783,32.0377,76.93,78,38,4.83,ZA,2021-11-30 17:19:49
521,Koppang,61.5706,11.0555,11.79,91,59,3.76,NO,2021-11-30 17:19:49
522,Powell River,49.8496,-124.5361,48.47,93,90,9.22,CA,2021-11-30 17:19:50
523,Fairbanks,64.8378,-147.7164,-3.91,77,1,0.0,US,2021-11-30 17:15:48
524,Grindavik,63.8424,-22.4338,30.67,80,75,8.05,IS,2021-11-30 17:17:20
525,Touba,8.2833,-7.6833,90.16,34,43,5.57,CI,2021-11-30 17:19:51
526,Grand Forks,47.9417,-97.4337,31.93,70,75,5.75,US,2021-11-30 17:18:11
527,Tucurui,-3.7661,-49.6725,89.67,56,99,4.38,BR,2021-11-30 17:19:51
528,Suntar,62.1444,117.6319,-12.37,100,99,3.49,RU,2021-11-30 17:19:51
529,Monticello,45.3055,-93.7941,42.67,67,1,8.05,US,2021-11-30 17:16:17
530,Pedana,16.2667,81.1667,77.18,73,21,11.27,IN,2021-11-30 17:19:52
531,Grand Gaube,-20.0064,57.6608,77.4,68,11,5.01,MU,2021-11-30 17:19:52
532,Lincoln,40.8,-96.667,53.87,64,1,1.01,US,2021-11-30 17:15:55
533,Beringovskiy,63.05,179.3167,9.18,95,94,3.15,RU,2021-11-30 17:19:42
534,Muravlenko,63.7898,74.523,-17.39,100,29,5.75,RU,2021-11-30 17:19:53
535,Glazunovka,52.4986,36.3275,31.26,74,99,22.1,RU,2021-11-30 17:19:53
536,Turayf,31.6725,38.6637,66.45,39,0,6.91,SA,2021-11-30 17:19:54
537,Panguna,-6.3164,155.4848,69.26,97,95,2.19,PG,2021-11-30 17:19:54
538,Aksu,41.1231,80.2644,27.07,46,47,0.96,CN,2021-11-30 17:19:54
539,Cham,49.245,12.6825,34.84,94,100,15.77,DE,2021-11-30 17:19:55
540,Nyurba,63.2842,118.3319,-22.41,100,97,2.62,RU,2021-11-30 17:19:55
541,Ortakoy,38.7373,34.0387,44.85,85,15,12.3,TR,2021-11-30 17:19:55
542,Bonthe,7.5264,-12.505,82.53,74,82,8.19,SL,2021-11-30 17:19:55
543,Montauban,44.0833,1.5,38.23,75,93,1.07,FR,2021-11-30 17:19:56
544,Rincon,32.296,-81.2354,62.91,39,1,1.01,US,2021-11-30 17:16:09
545,Imbituba,-28.24,-48.6703,82.29,54,0,8.08,BR,2021-11-30 17:19:56
546,Parkes,-33.1333,148.1833,63.36,89,100,4.36,AU,2021-11-30 17:19:57
547,Soyo,-6.1349,12.3689,79.07,82,89,7.16,AO,2021-11-30 17:19:57
548,Parbhani,19.2667,76.7833,68.59,55,76,7.65,IN,2021-11-30 17:19:57
549,Hit,33.6416,42.8251,70.52,32,100,8.81,IQ,2021-11-30 17:19:58
550,Naze,28.3667,129.4833,59.49,71,98,26.42,JP,2021-11-30 17:19:58
551,Srivardhan,18.0333,73.0167,76.17,86,100,5.77,IN,2021-11-30 17:19:58
552,Suoyarvi,62.0833,32.35,17.55,94,100,9.46,RU,2021-11-30 17:19:59
553,Tera,14.0078,0.7531,88.72,8,98,6.96,NE,2021-11-30 17:19:59
554,Qaqortoq,60.7167,-46.0333,34.3,94,100,5.93,GL,2021-11-30 17:20:00
555,Hovd,48.0056,91.6419,16.99,49,13,1.19,MN,2021-11-30 17:20:00
556,Ituporanga,-27.4144,-49.6025,92.01,31,0,7.31,BR,2021-11-30 17:20:00
557,Makakilo City,21.3469,-158.0858,72.28,76,1,8.05,US,2021-11-30 17:20:01
558,Pakxan,18.3778,103.6601,64.31,69,71,7.58,LA,2021-11-30 17:20:01
